"","TOS.NUM","T/ment.NUM","Incidence190423","Inc.sd.190423","Inc.error.190423","Incidence190501","Inc.sd.190501","Inc.error.190501","Plot_length","Yield"
"1",1,1,5,1.09544511501033,"Stdev",NA,NA,"Stdev",10.9166666666667,154.378576180425
"2",1,2,5,0.894427190999916,"Stdev",NA,NA,"Stdev",10.9833333333333,137.626596198376
"3",1,3,7.16666666666667,1.16904519445001,"Stdev",NA,NA,"Stdev",11,97.8511141400934
"4",1,4,7.5,0.547722557505166,"Stdev",NA,NA,"Stdev",11,129.937717764842
"5",2,1,4.4,0.547722557505166,"Stdev",6,6,"Stdev",11.04,47.7376863109956
"6",2,2,4.2,0.447213595499958,"Stdev",4.75,4.75,"Stdev",10.98,72.2779337663361
"7",2,3,7.33333333333333,0.516397779494322,"Stdev",7.4,7.4,"Stdev",10.9,27.5147857372496
"8",2,4,6.5,1.87082869338697,"Stdev",8,8,"Stdev",11.0166666666667,71.4435722670365
